Season,PlayerID,Wingspan,StandingReach,BodyFatPct,StandingVerticalLeap,MaximumVerticalLeap,LaneAgilityTime,ThreeQuarterSprint,BenchPress
2001,12033,84.5,107,12.4,28.5,31,11.9,3.4,16
2001,2240,81.5,99.5,5.3,31.5,36,,3.25,12
2001,2220,81.5,99.5,9.3,30,37,10.91,3.2,6
2001,2203,82.5,105,9.3,29.5,33,10.95,3.3,12
2001,12034,80.5,99,5.3,35,41.5,11.26,2.91,7
2001,2294,79.5,97.5,6.7,31.5,38,10.59,3.12,15
2001,2257,88,111,6,26.5,31,11.84,3.33,6
2001,12035,83.5,104,8.6,28.5,34.5,11.96,3.21,7
2001,2214,85.5,107,9.3,27,30,11.11,3.35,13
2001,2249,80.75,102.5,6.7,26,32.5,9.65,3.15,12
2001,2198,85,108,8.9,30,33,11.59,3.45,17
2001,12031,76,92.5,6.7,31,39.5,11.23,3,10
2001,2245,83.75,104.5,6.7,32,37,11.81,3.27,6
2001,12032,80.25,99,8,34.5,39,11,3.1,14
2001,2199,87,110,6.7,31,33.5,12.13,3.36,2
2001,2251,88,111,12.9,23.5,27.5,12.5,3.59,6
2001,2439,86.75,107,8,31,34,11.47,3.13,15
2001,12036,83.5,103,8,31.5,34.5,11.4,3.23,11
2001,2215,88.5,110,12.9,25.5,28.5,12.1,3.54,8
2001,2260,87,104,15.2,23,29,11.65,3.6,10
2001,2241,77.5,92,5.5,31,35.5,10.77,3.2,9
2001,2201,90.5,111,16.5,28,31,12.25,3.53,16
2001,12037,83.75,107,13.6,25.5,28.5,12.19,3.47,13
2001,2205,90.5,113,21,21.5,25.5,12.37,3.56,15
2001,12038,86.5,110.2,8,27,30,12.47,3.46,8
2001,12039,83.5,101.5,12.9,31.5,33,12.56,3.31,18
2001,2230,80,101,4,34.5,37.5,10.08,3.12,22
2001,12150,90,109,3.9,29,32,13.05,3.36,14
2001,2386,82.75,108.5,11.7,32,33,11.46,3.09,9
2001,2228,82.5,102.5,8,34.5,36.5,11.7,3.16,21
2001,2218,78.5,100.5,,26.5,33,11.51,3.19,10
2001,-1,73.25,92.5,8,34.5,40,10.88,2.92,9
2001,12151,78.25,99,5.5,28.5,35,11.7,3.17,13
2001,12152,83.25,101,6.7,39.5,45.5,11.33,3.1,10
2001,2204,87,110,4,26.5,33,11.77,3.21,3
2001,2239,80,99.5,5.3,35.5,37.5,11.57,3.29,12
2001,2213,84.25,106,10.5,27,31.5,12.25,3.35,11
2001,12153,86,107.5,,,,,,
2001,2217,90.5,113.5,12.9,27,28.5,12.87,3.5,17
2001,12154,81.25,100.5,7.3,33,40.5,11.38,3.19,13
2001,2212,88,108,5.3,30.5,38.5,11.99,3.15,11
2001,12155,83.75,105.5,11.7,29,32.5,11.25,3.3,17
2001,12156,82.75,103,6,26,31,11.42,3.31,23
2001,2210,84,103,6.7,33,38.5,11.19,3.15,14
2001,2798,77.25,97,6,34.5,41,10.97,3.1,2
2001,12157,89,111.5,19.1,23.5,30,12.41,3.59,18
2001,2256,88,109.5,9.9,32.5,35,11.27,3.12,13
2001,2207,81,105,6.7,32.5,36.5,12.05,3.4,12
2001,12158,78.75,100,6.7,30.5,34.5,11.38,3.21,1
2001,2253,81.25,101,8,36,40,11.06,3.12,12
2001,12159,75.5,96.5,6.7,33,36.5,11.53,3.1,0
2001,12160,84.5,108.5,13.6,24,30,11.65,3.45,8
2001,12161,80.25,99.5,6.7,29,41,10.57,3.15,9
2001,200081,83.5,103,5.3,33,43,11.64,3.08,0
2001,2211,83,105.5,11.7,28.5,34.5,11.22,3.43,11
2001,12162,85.5,106.5,8,26.5,29.5,13.42,3.5,2
2001,40046,86.5,110.5,11.7,23,26,12,3.7,4
2001,12164,73.5,92,12.4,27,32,11.93,3.27,5
2001,12165,74.75,94,12.4,26,31,11.5,3.34,5
2001,12166,80,102.5,8,32,37,10.77,3.19,14
2001,2202,83.5,102.5,5.3,32.5,39.5,11.75,3.12,15
2001,2369,76.5,99,6,30.5,35.5,10.97,3.15,2
2001,2219,82.5,103.5,6.7,29,34,11.47,3.22,1
2001,12167,76.5,98,6.7,28.5,33,12.05,3.2,3
2001,2243,81.75,105.5,13.6,27,30.5,11.75,3.47,14
2001,12168,89.75,110.5,10.5,23.5,29.5,13.28,3.55,0
2001,2250,84.25,105,6.7,27.5,34,11.69,3.41,12
2001,2226,81.5,99.5,4,28.5,35,11.3,3.22,4
2001,12169,84.5,102,7.3,30,35.5,11.29,3.23,15
2001,12170,85.75,103.7,8,33.5,37.5,11.17,3.2,19
2001,2224,79.5,97.5,13.6,28,37.5,11.96,3.2,1
2001,12171,83.25,104.5,6.7,28,33,11.95,3.25,7
2001,12172,89,109,11.2,29,30.5,12.02,3.46,9
2001,2248,78.75,97,4,32.5,37.5,10.97,3.19,4
2001,2206,83.5,104.5,9.3,27.5,33,12.07,3.47,16
2001,2254,89.5,113,9.3,24.5,28,11.83,3.48,10
2001,12041,83.5,106.5,9.3,27.5,33.5,11.37,3.21,18
2001,12040,85.5,105.5,12.4,23,29,12.25,3.3,19
2004,2754,81,102,6.7,31.5,36.5,10.7,3.19,17
2004,2772,86,107.5,8,29.5,32,11.63,3.29,8
2004,2857,73,92,6.7,29,34.5,10.63,3.08,13
2004,101138,86.5,106.5,9.3,31.5,33,11.61,3.24,18
2004,2740,,,9.3,,,,,
2004,2800,79,100,7.3,,,,,1
2004,12173,82,105.5,11.2,28,30,10.93,3.25,16
2004,12174,81,98,2.6,37,43.5,11.24,3.21,13
2004,2810,83,107,6,32,35.5,11.7,3.22,18
2004,2766,78.5,96.5,9.9,,,,,9
2004,2866,85.5,109,16.3,23,25,13.32,3.4,14
2004,12175,73.5,94,9.3,23,29,11.5,3.27,4
2004,12176,87,113,14.8,21,29,12.9,3.62,2
2004,2735,83,105,9.3,29,36,11.95,3.38,11
2004,200555,81.5,106.5,6.7,27,31,11.58,3.12,6
2004,2845,83,106,18.5,31,32,11.38,3.19,4
2004,2736,84.5,108.5,6.7,27.5,31.5,11.46,3.34,5
2004,12177,88,111.5,13.7,25.5,31.5,11.64,3.34,1
2004,2768,78.5,98,6.7,31.5,35,10.45,3.14,7
2004,2823,88.5,113,14.1,,,,,15
2004,2765,81,100,6.7,,,,,
2004,2824,80.5,103,5.3,24,31,10.89,3.2,12
2004,2784,79.5,98.5,6,29,32,10.97,3.1,15
2004,2782,85,108.5,10.8,29.5,31,11.15,3.25,13
2004,12178,85,108,14.8,27,31.5,11.75,3.36,22
2004,101155,86,106.5,,26.5,30.5,12.49,3.24,9
2004,2732,80.5,99,5.3,31.5,37.5,11.28,3.19,12
2004,2734,79.5,98.5,5.3,30.5,37,11.03,3.19,5
2004,2730,88.5,111.5,10.5,30.5,35.5,11.21,3.14,7
2004,12179,84.5,107,11.7,28.5,34.5,11.91,3.28,
2004,2743,84.5,106.5,6.7,29.5,36,11.33,3.2,22
2004,2738,83,105.5,6.7,30.5,34.5,11.17,3.18,4
2004,12180,89,111.5,10.5,26.5,32.5,12.28,3.41,13
2004,2739,80.5,103,8,26.5,36,11.1,3.24,13
2004,2744,86.5,110,10.5,28.5,30,13.08,3.29,3
2004,2865,87,109,16.3,26.5,28.5,11.81,3.38,14
2004,12181,74.5,95,6.7,26,28.5,11.07,3.28,4
2004,12182,85.5,107,6.7,,,,,
2004,2778,84,109.5,10.5,,,,,
2004,2733,83,105.5,6.7,26.5,30,10.72,3.23,
2004,12184,81.5,107,9.9,25.5,29.5,12.93,3.23,6
2004,12000,84.5,105.5,6.7,29,34.5,11.08,3.13,13
2004,12001,84,105.5,10.5,25,30.5,11.81,3.33,11
2004,2822,86,107,12.4,24.5,28.5,11.74,3.39,8
2004,2777,79,101.5,8,27.5,33,10.94,3.1,13
2004,12002,84.5,107,8,28.5,32.5,11.01,3.21,
2004,12003,81,101.5,14.8,25,30,11.31,3.34,
2004,12004,83.5,102,8.6,30.5,33.5,11.45,3.22,16
2004,2749,74.5,95,8,28.5,33.5,10.95,3.14,15
2004,12005,82,102,12.9,27.5,32.5,11.27,3.32,11
2004,2731,88,110.5,5.3,31.5,34,12.32,3.15,22
2004,12006,82.5,107.5,6.7,26.5,33,11.18,3.27,6
2004,12007,79,105,12.3,26,30,10.99,3.4,17
2004,-1,83.5,108,12.9,25.5,30,12.97,3.56,8
2004,12008,81.5,101.5,5.3,30,36,11.14,3.17,17
2004,12009,78.5,99.5,8.6,27.5,32.5,11.5,3.24,1
2004,2773,79.5,100.5,6,,,,,
2004,12010,71.5,92.5,14.1,25,29,11.37,3.25,2
2004,2762,89.5,111.5,6.7,24,26.5,12.61,3.6,2
2004,2876,84.5,109,12.9,22,26,12.65,3.56,15
2004,101160,81.5,106.5,9.3,27.5,33,12.52,3.3,18
2004,2774,82,102,6,28.5,34.5,10.91,3.17,14
2004,101126,73,91.5,6.7,35.5,43.5,10.75,2.96,13
2004,12011,83.5,106,6.7,24.5,30.5,11.98,3.37,9
2004,2781,83,102.5,6,31.5,35.5,11.27,3.18,8
2004,12012,83,107,9.3,23.5,31.5,10.93,3.39,8
2004,2746,84,106.5,6.7,32.5,39.5,11.43,3.24,12
2004,2747,82,104,6.7,29,35.5,10.93,3.21,5
2004,2745,81,104,9.3,30,35,10.79,3.13,19
2004,2776,86,108.5,9.3,28,31.5,12.13,3.27,18
2004,12014,86,109.5,5.3,26,31.5,11.65,3.38,8
2004,12015,,,8,,,,,
2004,12016,83,107.5,15.2,23,26.5,13.13,3.63,15
2004,12296,79,103.5,9.3,32,31.5,11.8,3.23,
2004,2757,76.5,98,9.3,,,,,2
2004,2761,84,105.5,6.7,29.5,33.5,10.75,3.25,12
2004,2753,78,99.5,6.7,30,35,11.2,3.15,12
2004,2863,84,106,7.3,26.5,31,11.92,3.15,15
2004,12292,83.5,105.5,9.3,23.5,27.5,11.59,3.42,
2004,12293,85.5,109.5,12.4,23.5,26,12.6,3.35,1
2004,12294,82,98.5,8,28.5,32.5,11.15,3.28,10
2005,101165,84,102.5,,28,32,11.67,3.35,11
2005,101224,87,108.5,,30.5,32.5,12.58,3.35,13
2005,200969,,,,26.5,30.5,11.56,3.42,
2005,12104,83,110,,,,,,5
2005,101187,81.5,104,,26.5,30.5,10.32,3.27,10
2005,101149,83.25,112.5,,24,27.5,11.94,3.42,0
2005,101252,85,108,,25,31.5,11.74,3.35,7
2005,101188,82.25,101,,33,36.5,10.52,3.21,14
2005,12105,85.5,104.5,,33.5,39.5,11.73,3.29,13
2005,101106,87,110.5,,27.5,33.5,12.06,3.51,13
2005,200793,74,94,,,,,,
2005,101198,75.5,93,,33,40.5,11.12,3,15
2005,12106,90,114,,,,,,9
2005,101215,75,96.5,,30.5,36.5,10.51,3.28,14
2005,12107,83.5,106.5,,24.5,27,11.51,3.44,5
2005,101143,71.75,93.5,,24.5,31,10.85,3.26,1
2005,101113,87.5,109,,28,31,11.94,3.45,21
2005,12108,71.5,94,,25,30.5,11.41,3.24,0
2005,101145,74.75,98,,26.5,31.5,12.13,3.31,0
2005,101109,76.25,98,,29,33.5,10.5,3.06,6
2005,201164,79.5,101.5,,26.5,35.5,10.48,3.33,0
2005,12109,90,110.5,,28,30.5,12.53,3.5,2
2005,12110,90.75,111.5,,29.5,34,11.53,3.28,12
2005,101213,85.5,106,,28.5,37,11.92,3.2,9
2005,101112,86.5,110.5,,27.5,31,11.6,3.38,19
2005,101184,88.5,110.5,,31.5,35.5,12.51,3.27,11
2005,101128,82.75,103,,27.5,31.5,10.63,3.33,5
2005,12111,81.25,96.5,,30.5,36.5,11.48,3.15,12
2005,101162,87.5,110,,29.5,36,11.48,3.33,18
2005,101121,80,104,,30,36,10.62,3.05,26
2005,101122,85.5,103,,31,34,10.84,3.34,10
2005,101123,81.75,104,,31.5,39,11.2,3.21,7
2005,101236,82,104.5,,30,33,10.7,3.34,20
2005,101129,77.25,98.5,,31.5,38.5,11.12,3.21,14
2005,101125,84.5,107.5,,24.5,29,10.89,3.18,14
2005,12112,85.25,104.5,,,,,,16
2005,101141,85.25,109.5,,22,30,11.59,3.56,2
2005,101127,79.5,100,,26,28.5,10.87,3.24,5
2005,101204,86.75,108.5,,28,31.5,11.87,3.25,15
2005,12113,83,105.5,,31.5,35,11.6,3.38,7
2005,201318,82,107.5,,21.5,27,13.13,3.68,12
2005,-1,77.5,98.5,,26,31,11.62,3.38,8
2005,101247,81,101,,32,29.5,11.38,3.23,8
2005,101135,84,106.5,,30.5,32.5,10.8,3.19,14
2005,12114,84,103.5,,,,,,17
2005,101249,72,92,,29,34,10.44,3.14,4
2005,101185,85,104,,30.5,37,11.64,3.21,7
2005,101131,87.25,107,,,,,,
2005,101118,85.25,105,,30,33,11.04,3.29,12
2005,101119,82.75,103.5,,32.5,34.5,10.39,3.11,15
2005,200829,81,105.5,,26.5,32,10.64,3.27,10
2005,12115,84,106.5,,29,33,11.7,3.24,14
2005,101223,75.5,94,,32,37.5,10.69,3.22,7
2005,12116,81.75,105.5,,26,28.5,12.8,3.42,15
2005,12117,78,99.5,,31.5,36.5,11.44,3.18,17
2005,12118,83.75,108.5,,25,30.5,12.12,3.48,11
2005,101108,76.25,93,,32,38,11.09,3.22,10
2005,200819,82.5,106,,,,,,
2005,201225,82.75,105,,27.5,34.5,11.54,3.21,12
2005,101232,83.5,104,,,,,,
2005,101179,77.5,96.5,,31.5,39,10.49,3.29,11
2005,101194,74.75,95,,31.5,37,11.17,3.19,14
2005,201575,83.25,104.5,,32.5,35,11.33,3.31,0
2005,101195,89,111.5,,23.5,26.5,12.4,3.47,1
2005,101134,84,107,,27,27.5,11.05,3.35,11
2005,12120,79.5,102.5,,27,31.5,10.8,3.18,3
2005,12121,87.5,108,,28,33,11.98,3.44,18
2005,101147,85.75,109,,28.5,33,11.26,3.27,14
2005,12122,75,95,,28.5,34,10.84,3.33,14
2005,12119,80,102,,25,29.5,11.11,3.27,6
2005,101159,81.75,105.5,,,,,,
2005,101142,85.5,106.5,,30.5,33,11.5,3.23,15
2005,101111,84.25,109,,26,31,10.86,3.3,11
2005,101124,86,108,,33,38,,3.22,11
2005,101110,83,106,,28,30.5,11.39,3.39,7
2005,101156,86,108,,28.5,33.5,12.11,3.25,15
2005,101107,87.5,108,,29.5,35,11.11,3.17,12
2005,101114,78.25,98,,30,35,10.83,3.25,15
2005,101214,85.25,106.5,,28,34,11.39,3.23,15
2005,101120,80.75,104.5,,26.5,29.5,11.45,3.41,12
2005,101152,82,100.5,,30,36,11.58,3.27,8
2007,12204,81,103,8.9,30.5,35,11.78,3.37,15
2007,12205,86,107,9.2,24,26.5,12.18,3.45,12
2007,12206,85.5,106.5,12.1,26,28,11.88,3.54,12
2007,201147,80.25,103,4.2,30.5,36.5,11.69,3.22,11
2007,201166,76,94,2.7,32.5,39.5,10.57,3.2,6
2007,201628,76,95.5,6.6,32.5,41,11.27,3.25,3
2007,201469,80.5,97.5,6,33,38.5,11.61,3.29,25
2007,12207,86,107,6.2,30,35,11.47,,21
2007,201144,77.75,94.5,4.2,35.5,40.5,11.63,3.09,13
2007,201161,80.25,101.5,7,30,34.5,11.12,3.22,4
2007,12208,85.25,107.5,8,25,30.5,12.52,3.37,19
2007,201159,77.5,98,4.5,32.5,38,11.6,3.32,11
2007,201176,88,109.5,6.9,27,30,12.63,3.53,7
2007,12209,80.75,105,7,,,,,19
2007,12210,82,100,5.1,30,33.5,11.13,3.29,3
2007,201162,79,102,7.1,28,32,11.32,3.45,14
2007,201142,88.75,110,6.6,26,33.5,12.33,3.45,0
2007,12211,83.5,104,11.5,28,32,11.43,3.41,20
2007,201189,87.25,108.5,10.8,27,32.5,12.07,3.7,17
2007,12212,83.75,103,10.9,28.5,36,11.72,3.46,9
2007,201145,85.25,103,3.7,33.5,38,12,3.34,17
2007,201192,74.25,96,4.6,29,32.5,11.3,3.26,8
2007,201150,84.5,110,13,26,29,11.88,3.51,9
2007,12214,79,94,9,32,36,11.39,3.28,11
2007,201195,86.25,108.5,5.6,30.5,34,12.31,3.39,15
2007,201143,84.75,107,9.1,31,35.5,12.15,3.37,20
2007,12215,83.25,105,5.7,28.5,34,12.47,3.32,12
2007,12216,87,111,3.5,31,33,13.31,3.37,8
2007,12217,80.25,101.5,5.2,30.5,33,12.11,3.29,10
2007,12218,90,104,3.2,34.5,39,11,3.28,10
2007,12219,74,93,4.8,33.5,38.5,10.94,3.11,14
2007,201234,77,98,5.4,26.5,35,11.78,3.31,18
2007,12220,84,105.5,5.9,25,30,12.18,3.29,20
2007,201185,72,94,7,24.5,28.5,11.02,3.39,6
2007,201207,83,99.5,5.4,32,34.5,11.57,3.41,9
2007,12221,82.5,106.5,7.7,25.5,30,11.19,3.42,19
2007,201171,83,102.5,7.5,31.5,36.5,11.35,3.29,21
2007,201186,86,107,4.9,29.5,36,11.73,3.22,17
2007,201151,78.5,98,5.6,29,34,11,3.22,8
2007,12222,85,108.5,11.4,24,30.5,11.96,3.43,19
2007,12223,78.5,99,4.5,33,38,11.59,3.22,16
2007,201858,82,103.5,5.6,27,29.5,12.1,3.43,11
2007,201187,82.5,104,4.7,28.5,34.5,10.95,3.25,12
2007,201177,85,106.5,13.7,27.5,31.5,11.7,3.47,12
2007,201197,83,105,8.3,27,31.5,11.87,3.49,7
2007,12224,80,102.5,8,29.5,31.5,11.77,3.29,3
2007,201193,84.25,105,6.2,28.5,32.5,10.39,3.38,16
2007,201149,85.25,106.5,4.8,32.5,37.5,11.79,3.47,12
2007,201141,88.25,112,7.8,32,34,11.67,3.27,
2007,12225,83.75,106,9.8,23,28,11.61,3.6,7
2007,12226,75.25,95,8.2,27.5,34.5,11.69,3.24,15
2007,201181,88.5,110.5,7.5,26.5,30.5,11.39,3.29,15
2007,12227,80,100.5,6.6,34,38,11.07,3.12,11
2007,12228,81,102.5,10,26.5,33.5,11.63,3.36,11
2007,12229,80.75,101,6.1,24,32.5,11.33,3.39,1
2007,201196,76.25,97.5,6.2,29.5,33.5,11.65,3.27,8
2007,201203,77.5,99,4.1,28.5,35,11.82,3.27,11
2007,201160,82.75,106,7.5,33.5,37.5,10.96,3.29,15
2007,201199,78.5,101,4.5,28.5,35,10.87,3.14,21
2007,201155,79.25,100.5,6.1,30.5,35,11.34,3.11,14
2007,12230,81.5,104,5.3,27.5,32.5,11.3,3.22,12
2007,201180,81,105,5.1,29,34,10.68,3.45,9
2007,201249,74.5,93.5,5,28.5,33,11.51,3.22,7
2007,12232,82,103.5,8.9,31,37.5,11.76,3.26,18
2007,201154,85,104,5.8,35,41,11.96,3.16,9
2007,201229,86.5,107.5,5.7,28.5,30,11.49,3.29,21
2007,12233,88,108.5,12.1,25,29,12.16,3.52,11
2007,12234,83,108,10.2,26,29,12.6,3.39,18
2007,201208,87,110,6.9,26.5,31,11.65,3.56,14
2007,12235,88,109,6.7,27.5,30.5,12.14,3.47,15
2007,12236,72.75,92,5.4,31.5,34.5,11.4,3.23,13
2007,201153,86.25,108,6.1,28.5,33.5,11.48,3.36,2
2007,201148,87.75,108.5,5.8,30.5,35.5,11.76,3.31,2
2007,12237,85,107,3.3,27.5,32,11.46,3.23,12
2007,201146,,,,,,,,
2007,201156,84,100.5,6.8,39.5,40.5,11,3.25,6
2007,201152,83.5,106,4.9,34.5,37,11.06,3.19,13
2008,201570,83.5,106,5.8,32.5,38.5,11.33,2.99,24
2008,201589,82.75,107,7.3,28.5,30,12.18,3.14,12
2008,201571,75.5,94.5,8.1,28.5,35,11.27,3.07,2
2008,201573,75.5,97,4.7,31,38,11.26,3.07,10
2008,201563,84.25,107,7.7,30,35,11.06,3.24,19
2008,12239,77,98,5.7,24.5,29.5,10.68,3.24,9
2008,12240,73.75,94,8.1,30,34,11.59,3.25,8
2008,12241,82,106,9.2,29,31,12.47,3.25,22
2008,201812,79.25,104.5,4,26,27,11.65,3.28,2
2008,201868,78.25,97.5,5.6,29.5,34.5,11.19,3.19,21
2008,12242,83.25,108,10.8,24,26.5,11.87,3.52,9
2008,12243,76.75,97,6,,,,,15
2008,12244,81.75,106,7.3,,,,,7
2008,12245,77.75,99.5,7.6,31,36,11.67,3.22,13
2008,12246,84.5,109,16.1,26,28.5,12.72,3.56,11
2008,201595,85.75,107,9,27.5,33,11.84,3.2,19
2008,12247,83.5,105,5.3,27.5,33.5,11.59,3.26,10
2008,12248,83.5,104.5,5.4,28,32,12.47,3.26,26
2008,12249,87.25,106,4.5,33.5,37.5,11.86,3.17,11
2008,201607,84.25,97.5,9.4,35,42,11.77,3.43,2
2008,201814,83.25,104.5,6.5,27.5,33.5,11.45,3.25,13
2008,12250,83.5,103.5,6.3,30,33,12.3,3.24,10
2008,201592,83.25,103,5.4,,,,,10
2008,12251,88,107.5,4.8,30.5,35,11.37,3.14,5
2008,12252,86.5,111.5,6.9,21.5,27,12.4,3.33,15
2008,201569,81,99,8.2,32,40,10.81,3.01,15
2008,201863,82.25,106,17.4,24.5,27.5,12.16,3.32,18
2008,201590,82,108,7.6,27.5,31.5,11.21,3.2,2
2008,201612,81,103.5,6.9,30.5,38,11.33,3.08,13
2008,201614,87,109.5,5.8,29.5,32,11.49,3.33,20
2008,201613,87,108,9.2,26.5,28,10.62,3.27,13
2008,201588,81,97.5,3,34,37.5,12.2,3.07,9
2008,12254,85.25,104.5,3.6,28.5,33,12.17,3.4,16
2008,12255,82.75,109,8.8,20.5,26,12.26,3.54,2
2008,201991,80.75,98.5,3.4,30.5,36,11.15,3.16,12
2008,201629,87,109.5,6.4,28,34.5,11.51,3.18,7
2008,201616,83.25,106.5,12.5,27,31,11.75,3.26,11
2008,12256,89,111,9.2,,,,,6
2008,12257,81.5,105,12,27,32,12.02,3.36,2
2008,12258,84.25,107,12.2,25.5,31,11.61,3.33,16
2008,201599,90,113.5,7.5,26,30.5,12.3,3.27,8
2008,12253,88,110,9.6,29,32,12.06,3.2,13
2008,12260,80.5,103.5,9,26,30,11.79,3.39,9
2008,12261,80,102.5,8.9,29.5,34.5,11.57,3.36,14
2008,201848,85.25,109.5,10.6,,,,,14
2008,201572,89.5,113,6.3,27.5,30.5,12.77,3.57,7
2008,201567,83.25,106,12.9,29.5,35,11.17,3.22,18
2008,12262,85,109.5,10.1,23,28,11.76,3.35,15
2008,201564,78,99.5,6.3,30.5,41,11.04,3.14,7
2008,201651,85.75,105,8.8,29.5,35,11.23,3.19,13
2008,201601,86.5,103.5,7,32,38.5,11.71,3.17,11
2008,201580,90,114.5,5.3,27,32.5,12.75,3.25,7
2008,12263,74.5,95,6.2,25.5,32,11.19,3.2,10
2008,201634,82,98.5,4.5,34.5,38.5,10.54,3.13,19
2008,201624,85,109.5,9,24,28,12.45,3.45,17
2008,12264,77,96,7.6,32,37,10.65,3.07,7
2008,12265,82.5,105.5,11,30.5,35.5,11.32,3.17,14
2008,12266,82.5,103.5,6.5,32,36,11.79,3.14,16
2008,12267,85,107.5,13.8,27,32.5,11.3,3.4,10
2008,201576,87,109,4.7,29,35,11.86,3.26,7
2008,12268,83.25,107.5,10.7,26.5,33.5,11.51,3.13,14
2008,12259,92.75,,11,,,,,
2008,12269,73.25,95,3.6,31.5,36.5,10.65,3.05,10
2008,201781,80,100.5,7.4,25,31.5,11.3,3.15,8
2008,12270,81.75,104,9.2,,,,,
2008,201565,80,98.5,4.6,34.5,40,11.69,3.05,10
2008,201606,76.5,95,4.2,26,,,,18
2008,12271,76.25,97.5,8.1,25,29.5,11.08,3.26,5
2008,201446,79.25,98,3.8,31,39,10.98,3.08,2
2008,12272,81,99.5,8.3,34.5,41,11.08,3.19,16
2008,201872,83,103.5,6.7,27,33.5,12.52,3.14,5
2008,12273,80,101,6.2,26,29.5,11.97,3.4,10
2008,201622,81,102.5,7.2,34,40,11.03,3.09,7
2008,201603,82,104,4.4,29,36.5,10.58,2.96,12
2008,201566,79.75,100,4.8,30,36.5,10.98,3.08,12
2008,199,81.25,103,5.3,31.5,36.5,11.32,3.07,15
2009,202399,86,107.5,7.9,27.5,31.5,11.34,3.32,16
2009,201965,85,107,5.5,31,35,11.98,3.14,15
2009,201958,81.75,100,7.9,29.5,39,10.49,3.15,3
2009,201971,86,106.5,12,26,33,11.5,3.45,18
2009,201974,86.5,107.5,8.6,30.5,35.5,11.26,3.13,20
2009,201978,79,101,10,29.5,38.5,11.08,3.24,10
2009,201960,82,105,6.3,,,,,
2009,201956,81.25,106.5,8.6,25.5,32.5,11.15,3.28,2
2009,12275,81,102.5,7.1,27,33.5,10.83,3.21,3
2009,201947,86.5,109.5,5.2,28.5,33,11.17,3.35,5
2009,201954,75,96.5,5.7,30.5,33.5,10.45,3.1,9
2009,201967,83,106.5,4.8,28,35,11.18,3.26,18
2009,201939,75.5,97,5.7,29.5,35.5,11.07,3.28,10
2009,201948,86.75,110,5.5,25,28,12.11,3.55,0
2009,201942,81,102.5,4.9,29,38.5,11.88,3.31,5
2009,201962,78,97.5,5.2,28,32.5,10.63,3.03,15
2009,201961,78.5,100,5.5,31.5,38,11.14,3.2,13
2009,201936,83.25,104,7.1,28.5,34,11.81,3.17,7
2009,201938,76,95.5,6.3,33,40,10.86,3.23,10
2009,201959,88,109,6.6,25.5,30,11.56,3.41,12
2009,201980,82,103,5.6,29,33,11.3,3.3,15
2009,201933,83.25,105,8.2,32,35.5,10.95,3.28,22
2009,201946,83.5,106,8.5,27.5,34,11.12,3.27,18
2009,201935,82.75,103.5,10.1,31.5,37,11.1,3.13,17
2009,201945,82.25,102.5,4.4,31.5,35,11.17,3.14,8
2009,12278,85.25,108,10.8,28.5,34,11.67,3.38,15
2009,201941,85.5,108,6,31,35,12.23,3.3,11
2009,201950,79,100.5,6.3,28.5,34,10.64,3.21,6
2009,12279,82.25,105,10.1,26,31,10.66,3.3,3
2009,201949,84.75,105.5,12,30.5,35,11.21,3.23,18
2009,201951,72.75,94.5,6.6,29,36.5,10.98,3.12,14
2009,201953,74.5,97,5.4,28.5,31.5,10.78,3.19,8
2009,12282,74.5,96,6.2,30,36.5,10.44,3.21,13
2009,12283,79.25,99.5,5.4,31.5,36.5,10.61,3.25,10
2009,201975,76.5,98,8,28.5,37,10.96,3.1,14
2009,201988,74,95,6.9,27.5,33,10.87,3.1,8
2009,201957,85.5,111,8.5,28.5,32.5,11.1,3.45,10
2009,201985,75.75,97,12.4,26,31,10.99,3.22,11
2009,12284,81.75,104.5,7,29,33.5,10.69,3.24,10
2009,201969,84.75,106.5,6.6,29.5,34.5,10.94,3.17,15
2009,201966,80.75,101,5.8,34,37.5,11.54,3.32,16
2009,201952,79.5,98.5,4.5,30.5,36.5,11.05,3.18,13
2009,201934,90.25,113,6.7,,,,,
2009,201977,77,99,4.8,31,33,10.73,3.28,14
2009,201944,81,103.5,5.1,30.5,37,11.15,3.18,9
2009,201970,82.75,105.5,4.9,27.5,33,11.47,3.45,
2010,202374,89,113,5,22.5,26,13.2,3.68,10
2010,202332,88.75,111.5,8.5,23,28,11.48,3.35,10
2010,202329,87.25,108.5,8.2,27,33.5,11.29,3.3,13
2010,202341,80.5,104,7.9,30,35.5,11.86,3.19,14
2010,202337,83.25,104.5,5.6,29.5,37.5,10.98,3.4,15
2010,202339,79.5,98,5.6,,,,,9
2010,202344,81.75,106,7.3,31,36,11.15,3.1,22
2010,202342,84,109,7.9,26,35,11.65,3.39,6
2010,202340,79.25,98.5,4,31.5,37.5,11.47,3.14,2
2010,202382,84.25,107.5,12.8,25,30.5,12.78,3.61,22
2010,202395,74.5,94,9.2,27.5,33,12.31,3.24,
2010,202326,89.75,113,16.4,23.5,27.5,11.4,3.55,
2010,202348,79,101,4.9,31.5,34.5,11.03,3.37,7
2010,202334,84,108,10,31,36,11.7,3.21,
2010,202365,84.25,107.5,7.9,23.5,32,11.69,3.44,6
2010,202324,88,110,6.5,31.5,35.5,11.74,3.25,14
2010,12316,88.5,109.5,15.1,23.5,28.5,13.44,3.7,14
2010,12317,85.75,107.5,7,24.5,30.5,11.65,3.23,2
2010,202331,83.25,107,5,,,,,4
2010,202376,81.5,106,11.1,24,28.5,11.83,3.41,23
2010,202412,79.25,102,3.8,,,,,11
2010,202351,84.75,102,7.5,31,36,10.87,3.31,15
2010,202330,79.75,103,6.9,30.5,34.5,11.73,3.22,10
2010,202333,83.25,105,4.7,28.5,36.5,11.1,3.18,8
2010,202359,81.25,104.5,6.2,29,34,11.68,3.25,
2010,202345,84.75,107,9.6,29,33,10.89,3.2,13
2010,202325,85,106,4.6,32,37,11.43,3.14,16
2010,202356,80,99.5,5.6,31.5,38.5,11.25,3.19,18
2010,202346,81.25,101,5.9,26,32.5,10.88,3.31,19
2010,12329,89.25,113,6.9,,,,,
2010,12330,81,100.5,11.6,28,32,11.59,3.36,8
2010,202371,84,107.5,6.3,27,31.5,11.61,3.24,20
2010,202328,86.25,108.5,11.2,25,29,12.1,3.35,15
2010,202350,88.25,110.5,13.8,24,30.5,12.32,3.39,13
2010,12334,85,109.5,6,25.5,26.5,12.07,3.33,16
2010,202335,85.25,107,5.3,28.5,33.5,11.14,3.25,17
2010,202354,90,111,20.8,,,,,
2010,202360,79,100,6.2,23.5,30.5,11.27,3.49,8
2010,12338,85.5,110,8,25,28.5,11.33,3.37,4
2010,202383,84,107.5,8.3,,37.5,11.65,3.23,6
2010,202336,89.75,112,4.6,25.5,28,12.49,3.27,7
2010,12341,75.25,99,5.4,,,,,
2010,202362,82.5,103,9.3,27,33,11.39,3.38,10
2010,12343,79.5,103,7,23,32,11.43,3.17,8
2010,202323,80,103.5,8.6,27.5,34.5,11.06,3.27,9
2010,202327,88.5,106.5,8,31,33.5,11.15,3.29,10
2010,12346,87.5,109.5,9.5,29.5,32.5,11.61,3.37,3
2010,202349,79,101,8.6,,,,,
2010,202322,81.25,101.5,5.6,30,39,10.84,3.14,
2010,202378,78,99.5,7.6,23,31.5,11.21,3.5,10
2010,202358,81,101,3.7,31,40,11.38,3.15,10
2010,202355,91,113,5.5,27,31.5,11.83,3.54,12
2011,202728,87.75,109.5,6.1,31.5,36,11.88,3.35,12
2011,202705,85,101,5.2,34,38.5,10.74,3.09,5
2011,202692,82,103.5,5.1,29,36,10.96,3.17,5
2011,202710,79.5,101.5,5.4,32,39,11.12,3.15,14
2011,202708,74.25,95.5,4.7,29.5,38.5,10.07,3.22,11
2011,202739,78,99,8.5,28,35,10.94,3.37,2
2011,12406,87.25,107.5,8,29.5,34.5,11.85,3.27,10
2011,12407,78.25,101,5.5,26.5,31,11.45,3.27,3
2011,202702,84,108,6.3,30.5,35,11.35,3.26,16
2011,12409,76.5,96.5,7.7,28,33,10.42,3.21,14
2011,202726,76.25,96.5,9.9,32.5,37,10.33,3.1,4
2011,202706,81.5,104,9.8,25,32,11.47,3.3,7
2011,202712,83.75,106,4,28.5,33,11.92,3.3,19
2011,202699,83,103.5,8.4,31.5,37.5,10.96,3.17,12
2011,202715,81,105,5.3,30,37,11.68,3.07,
2011,12415,82.5,103.5,4.8,32.5,36,10.47,3.18,10
2011,202681,76,99,10.2,,,,,
2011,12417,86,106.5,8.3,28.5,33,11.51,3.26,9
2011,202724,79.5,96.5,4.3,29.5,34,11.68,3.18,16
2011,202707,86,107.5,7.5,33.5,38,11.21,3.14,15
2011,202709,77.5,99,9.7,27.5,35,10.75,3.27,5
2011,202683,85.5,109.5,5.9,26,32.5,11.3,3.26,14
2011,202688,78.75,98.5,4.2,29,37.5,10.74,3.07,10
2011,202723,81.75,101.5,5.9,30,35.5,11.2,3.09,17
2011,202695,87,106,5.4,25.5,32,11.45,3.15,3
2011,202727,82.5,103,8.1,33,40.5,11,3.13,10
2011,202720,84,105.5,5.4,29.5,36.5,10.82,3.36,14
2011,202732,83,103.5,5,27,31,,3.33,6
2011,12428,80,101,6.5,28.5,33,10.81,3.25,15
2011,202714,79.5,96.5,7.1,32,39,11.23,3.18,17
2011,12430,78.25,99.5,6.1,27,33,11.55,3.19,
2011,202734,81.5,99.5,7.6,32,34.5,11.12,3.31,
2011,202694,82,105.5,8,29,33,,3.15,11
2011,202693,82.75,106.5,10.2,27,31.5,,3.4,11
2011,202721,79.5,102,5.3,24.5,32,11,3.2,12
2011,202718,81.5,104.5,7,25.5,31.5,11.05,3.29,4
2011,12436,82.25,106.5,5.5,27,33.5,11.74,3.02,0
2011,202729,77.25,98,7.9,29.5,42,11.13,3.2,5
2011,202697,81.5,99.5,6.5,36.5,42,11.1,3.18,18
2011,202713,82.1,106,10,23,30,11.22,3.21,10
2011,202698,85,103.5,7.4,30.5,37.5,11.33,3.09,15
2011,12441,85.25,106.5,9.8,26,30.5,12.43,3.46,10
2011,202701,77.5,99,5.6,28.5,34,11.05,3.17,9
2011,12442,86.5,106.5,7.4,29.5,36,12.43,3.36,17
2011,12445,84.5,107.5,5.9,32,36.5,11.31,3.29,3
2011,202738,73.75,91.5,6.7,31.5,40,10.49,3.14,13
2011,202717,85,107.5,15.5,27.5,30.5,11.72,3.41,15
2011,202684,85.25,108.5,6.2,30,35,10.92,3.26,9
2011,202691,81,103.5,8,26.5,31.5,10.99,3.24,5
2011,202719,89,110.5,13.4,28,33.5,11.26,3.29,10
2011,202696,88.5,112.5,6.1,23.5,25,12.02,3.27,8
2011,202689,75.5,91.5,5.9,32,39.5,10.87,3.16,7
2011,202716,84.25,106.5,12.1,25,30.5,12.74,3.45,10
2011,202682,85.5,108,10.8,29,34.5,11.03,3.23,19
2012,203112,86.75,106.5,7.1,32,37,10.48,3.28,13
2012,203084,83.25,101.5,9.6,38,39.5,10.93,3.16,15
2012,203115,81.75,102.5,4.1,30,34,12.5,3.6,0
2012,203078,80,100,6,33,39,10.95,3.28,8
2012,12458,77.25,96,12.5,26,29.5,11.68,3.47,3
2012,203733,81.5,102,11.3,27.5,32.5,11.4,3.43,8
2012,203109,81.25,99.5,9,31,34.5,11.45,3.37,20
2012,203099,78.5,98,3.6,,,,,4
2012,203076,89.5,108,7.9,,,,,
2012,203134,77,94.5,6.6,33.5,40,10.82,3.19,8
2012,203083,90.25,109.5,7.5,31.5,33.5,10.83,3.39,10
2012,203119,78.5,98,4.3,29,36.5,10.59,3.33,
2012,203105,89.75,108,5.5,34,33.5,12.35,3.29,18
2012,12467,83.5,103.5,9.1,29,34,11.35,3.49,10
2012,203254,86.25,106.5,9.8,29.5,32.5,10.63,3.38,19
2012,203110,85.25,105,11.3,28,33,11.01,3.4,9
2012,203090,84,102.5,5.3,32.5,37,10.87,3.25,5
2012,203089,89,112,8.6,25.5,30,,,5
2012,203189,77.5,94.5,8.5,28,35,11,3.42,12
2012,203133,80.5,102,9.4,27.5,30,11.56,3.41,13
2012,203108,87,108.5,5,30,32.5,11.84,3.4,6
2012,203098,80.5,98,7.1,30.5,36.5,11.36,3.37,10
2012,203111,83.25,99,7,32,39.5,10.98,3.25,13
2012,203130,79,96,7,33.5,41.5,10.76,3.21,17
2012,203093,86.25,107,7.7,29.5,34.5,11.57,3.4,12
2012,203158,85.5,105,11.2,27.5,32.5,11.94,3.6,17
2012,203103,85.75,107,4.6,33,38.5,11.31,3.19,11
2012,203126,83,104,8.6,28.5,35,,3.46,6
2012,203077,84,104.5,7,32,35.5,11.77,3.18,6
2012,203117,78.75,98.5,6.7,29,33.5,11.12,3.41,2
2012,203087,83,102,4.5,31.5,38,10.98,3.25,5
2012,203086,87,108,5.7,30,32.5,11.34,3.41,19
2012,203081,79.75,95.5,5.9,34.5,39.5,11.15,3.34,13
2012,203159,76,94.5,5.8,27,32.5,11.26,3.3,17
2012,203088,77.5,96,7.8,31,37,12.03,3.23,
2012,203097,86.5,110,9.2,29.5,31,12.14,3.44,9
2012,203114,82.75,103,7.8,28,31,11.45,3.47,4
2012,203121,81,101,7.5,33,37,11.34,3.31,14
2012,203113,85.25,105,7.8,30.5,36,11.05,3.48,8
2012,203183,82,100,5.7,31.5,40,11.72,3.47,14
2012,203102,86.25,106.5,7.7,33.5,37.5,11.32,3.22,10
2012,203122,78.75,99,5.8,31,36.5,10.97,3.42,11
2012,203094,88,107,7.6,28.5,30.5,11.89,3.67,10
2012,203124,88.75,106.5,8,31.5,31.5,11.65,3.53,
2012,203101,84.75,105.5,11.4,34,40.5,10.64,3.36,15
2012,203085,79.25,96.5,6.2,32.5,37.5,11.54,3.32,1
2012,203080,87.25,106,5,28.5,35.5,11.96,3.17,15
2012,203082,79.25,100.5,3.2,31,37.5,11.78,3.28,2
2012,203107,79.25,100,5.2,,,,,
2012,203118,82.75,104,10.6,27,32.5,11.59,3.44,14
2012,203156,88,108,7.7,26.5,29.5,12.33,3.44,7
2012,203096,85.25,105.5,10.7,29.5,31,12.77,3.81,9
2012,203116,78.25,97.5,4.2,32,36.5,11.48,3.2,0
2012,12507,75,92.5,5.5,33,36.5,10.57,3.19,14
2012,203106,78.25,101.5,4.2,33.5,40,10.87,3.29,15
2012,203104,79.25,96.5,6.3,32.5,40.5,10.65,3.19,8
2012,203138,81.5,102.5,6,28.5,36.5,11.72,3.38,6
2012,203079,79.25,98,8.5,,,,,
2012,203091,84,104.5,10.6,,,,,
2012,203100,81,101,5.2,30,35.5,10.75,3.24,0
2012,203092,84,104.5,6.4,30,34,11.13,3.4,16
2013,203500,88.5,109.5,6.65,28.5,33,11.85,3.4,16
2013,203505,78,100.5,4.6,28,37.5,10.4,3.14,4
2013,203485,79,100,3.95,28,34,11.78,3.4,8
2013,203493,80.75,102,6.95,31,36.5,11.33,3.31,11
2013,203504,77.5,97.5,6.9,29.5,36.5,11.2,3.16,3
2013,203484,80,100.5,6.45,29,34.5,10.6,3.12,7
2013,203477,76.5,94.5,5.9,33,40.5,10.98,3.22,16
2013,203478,85.5,107,5.8,30,32,11.83,3.35,13
2013,203487,79.25,101,4.4,31.5,41,10.68,3.22,8
2013,12524,84.25,105,6.85,28,34.5,11.68,3.38,3
2013,203496,85.75,106,4.7,29.5,36,11.69,3.34,9
2013,203459,83.25,103.5,4.65,30.5,36,10.67,3.32,10
2013,203552,76,97.5,9.6,,,,,
2013,203561,85.5,108.5,8.6,26,31.5,11.22,3.5,7
2013,203473,88,109,8.35,28,32.5,12.75,3.4,8
2013,203476,87.5,111.5,5.35,,,,,
2013,203516,83.5,104.5,4.5,29.5,36.5,11.55,3.4,7
2013,203467,81.25,103.5,3.3,32,38.5,11.16,3.25,15
2013,203479,83.25,103.5,8.25,,,,,
2013,203497,92.5,115,4.4,25,29,12.85,3.57,7
2013,203462,81.5,102,4.55,30,36,10.75,3.27,1
2013,203475,77.75,98,4.35,,,,,5
2013,203501,79,101,6.05,31.5,37.5,10.68,3.25,16
2013,203524,81,103,7.6,29.5,37.5,10.77,3.19,14
2013,203494,82.25,105.5,8.75,,,,,
2013,203470,86,110,9.6,26.5,30,11.52,3.52,12
2013,203510,70,90,4.5,,,,,
2013,203511,86,109,10.05,28.5,34,11.85,3.51,2
2013,203509,78.25,98,6,27.5,33.5,10.64,3.44,2
2013,203483,87,106.5,7.45,34,38,11.47,3.44,9
2013,203527,83.5,110,14.75,,,,,
2013,203499,70.75,89.5,3.8,34.5,44,10.64,3.08,12
2013,203495,79.25,102.5,10.25,27,33.5,10.72,3.32,4
2013,203458,87.5,,6.4,,,,,
2013,203466,86.25,104.5,7.95,32.5,40.5,10.19,3.1,
2013,203522,88,106.5,5.9,30,36.5,12.01,3.32,21
2013,203492,75.25,96.5,7.3,30.5,40,10.82,3.25,5
2013,203468,78.25,96.5,8.6,32,38.5,11.02,3.32,13
2013,203463,79.75,100.5,5,32.5,42,11.87,3.27,6
2013,203502,86.5,106.5,5.55,33.5,38,11.82,3.52,13
2013,203498,83,104.5,9,29.5,37,10.99,3.32,10
2013,203513,82.5,108,7.95,24.5,29.5,12.19,3.57,13
2013,203488,85,108,6.8,28,33.5,11.76,3.44,5
2013,203457,87.75,110,4.15,,,,,
2013,203506,81.25,100.5,6.55,33,42,10.69,3.25,15
2013,203482,81.75,108,6.65,24.5,29.5,11.42,3.59,5
2013,203464,82.25,98,5.25,33.5,39.5,11.16,3.37,15
2013,203658,86.5,109,5.15,31,34.5,11.49,3.32,0
2013,203486,83,108,6.15,30.5,36,10.89,3.29,14
2013,203490,85.5,105.5,6.65,27,36,11.25,3.4,9
2013,203515,74.25,92,4.7,33,38.5,10.86,3.13,7
2013,203318,81.25,101.5,8.45,33,40.5,10.99,3.25,10
2013,203460,83,104.5,7.05,30,36.5,11.36,3.34,10
2013,203471,79.75,98,4.1,30,34,11.09,3.21,1
2013,203491,75,93,6.05,33.5,41.5,10.59,3.16,15
2013,203503,83.5,105.5,4.85,30,36.5,11.36,3.25,7
2013,203480,85,106,8.05,29,32,10.9,3.38,5
2013,203519,85,99,7.5,34.5,40.5,11.64,3.32,13
2013,203472,82,104,9.1,28.5,32,12.94,3.53,5
2013,203481,86,110.5,8.65,26.5,29,12.49,3.47,10
2013,203489,75.75,98,5.5,,,,,8
2013,203523,80.25,99,4.7,,,,,
2013,203469,82.75,106,4.75,35.5,37.5,10.82,3.15,17
2014,203919,82,102,10.8,24.5,29.5,12.13,3.5,
2014,203937,86.75,107.5,13.35,,,,,
2014,203648,84,104.5,6.05,31.5,39.5,11.39,3.18,
2014,203947,88,108.5,7.45,29,33,12.15,3.36,
2014,203946,84.75,107,8.7,31,33.5,11.39,3.37,
2014,203920,85,107,6,30.5,35.5,11.6,3.26,
2014,203938,85.5,109,7.7,27,30,12.05,3.48,
2014,203900,80.75,100,4.2,36.5,43.5,12.62,3.18,
2014,203913,80.25,100,6.05,28,32,11.6,3.5,
2014,203907,79,97.5,7.65,29,39.5,11.28,3.28,
2014,203902,78.5,99,5.25,30.5,36.5,11.55,3.32,
2014,203903,80,98,4.3,33,38.5,10.76,3.28,
2014,203905,74,94.5,6.1,29,32,10.78,3.26,
2014,203908,86,106.5,3.85,26.5,32,11.46,3.44,
2014,203915,80.25,103,5.35,,,,,
2014,203921,82.75,101.5,4.45,34,40,11.15,3.18,
2014,203929,83.25,103.5,6.45,29.5,35,11.55,3.14,
2014,203898,79.25,98,6.2,29,36,11.12,3.3,
2014,203957,81.5,103,6.4,31.5,34.5,10.75,3.19,
2014,203927,81.5,104,5.05,27,35,11,3.32,
2014,203932,83.75,105,5.05,32.5,39,10.81,3.27,
2014,203924,86.75,107,3.75,,,,,
2014,203798,81,101,8.2,32,37,11.12,3.32,
2014,203914,78.75,96,4.55,,,,,
2014,203925,78,100,6.2,28.5,33.5,11.11,3.31,
2014,203918,80.5,103,7.45,29,36,11.21,3.38,
2014,203928,84.5,105,5.25,33,37.5,12.63,3.36,
2014,203910,79.25,96.5,6.05,33.5,41.5,10.8,3.27,
2014,203930,79,99,9.2,,,,,
2014,203945,87.5,109.5,13.6,28.5,31.5,11.2,3.48,
2014,203897,80.25,100,4.7,33.5,41.5,10.42,3.19,
2014,203906,81,102,6.9,29,35,11.32,3.28,
2014,203949,86.25,106.5,6.15,29.5,34,11.61,3.28,
2014,203909,83.25,102,4.45,33,37,12.71,3.1,
2014,203926,81.25,103,7.1,28.5,36.5,11.1,3.29,
2014,203895,84.5,104,5.2,27.5,34.5,11.07,3.39,
2014,203894,75.25,93,7.35,30.5,37.5,11.6,3.2,
2014,203948,86.25,105,10.75,31,35.5,11.57,3.45,
2014,203934,83,101,10.75,27.5,32.5,11.63,3.45,
2014,203940,88,109,7.55,,,,,
2014,203901,80,98.5,5.65,31.5,35.5,11.06,3.23,
2014,203939,84.5,105,6.2,28.5,35,11.28,3.2,
2014,203944,84,105.5,9.4,29,35.5,11.45,3.27,
2014,203922,82,100.5,5.05,36.5,41.5,11.22,3.15,
2014,203941,85.75,106,16.3,25,31,11.97,3.44,
2014,203935,81.25,99,10.55,33,36,10.82,3.26,
2014,203893,75.5,95,3.5,29.5,34,11.57,3.27,
2014,203917,79.75,102,12.05,29,35.5,10.79,3.27,
2014,203950,85.25,103.5,8.2,31,36,11.92,3.26,
2014,203904,76,96,6.4,29,32.5,11.48,3.48,
2014,203943,88.25,108,7.3,31,37,11.45,3.28,
2014,203933,82.25,104,7.95,27,35.5,11.1,3.26,
2014,203912,81.75,100.5,6.5,31,37.5,11.3,3.22,
2014,203899,77.5,99,7.2,27,33,10.83,,
2014,203942,85.75,103.5,5.45,32,37.5,11.18,3.43,
2014,203923,84,104,5.1,28,35.5,,,
2015,1626146,87.5,109.5,5.8,,,,,
2015,1626147,83.75,101,5,38,43,11.13,3.22,12
2015,1626165,87.75,105,8.8,31.5,35.5,11.21,3.58,9
2015,1626207,72.5,92.5,6.6,32,41,10.71,3.26,10
2015,1626164,80.25,102.5,8.3,27.5,34.5,10.27,3.28,8
2015,1626148,83,104.5,6.1,27.5,34.5,10.94,3.18,4
2015,1626161,87,111,6.3,,,,,
2015,1626176,89.25,110.5,9.6,29,32,11.6,3.47,9
2015,1626192,80,96,10.2,37.5,44,10.58,3.2,13
2015,1626188,76,96.5,6.7,24.5,31,11.44,3.38,14
2015,1626183,83,105,5.8,28.5,34.5,12.22,3.2,12
2015,1626155,83.5,106,7.5,25.5,34.5,10.64,3.28,5
2015,1626187,80,101.5,7.4,27,35,10.66,3.32,10
2015,1626203,82.5,103,5.5,28.5,31.5,11.64,3.3,11
2015,1626170,79.5,100,5.6,,,,,
2015,1626152,78,100,4.3,28,34,11.41,3.25,19
2015,1626149,88.25,109,11.9,,,,,
2015,1626150,81,100,5.9,26.5,33,11.2,3.34,
2015,1626151,80.25,100.5,6,28.5,34.5,,3.27,1
2015,1626227,77.5,98.5,9.2,26,28.5,10.56,3.44,1
2015,1626186,80,99.5,5.5,28.5,34,10.81,3.51,9
2015,1626178,86,104,5,32,38,10.41,3.12,13
2015,1626158,85.5,108,8.8,32.5,36,11.24,3.32,15
2015,1626182,83.5,107.5,7.2,25.5,31,10.95,3.51,
2015,1626154,82.5,104,6,27.5,33.5,10.87,3.26,1
2015,1626205,83,104.5,4.6,33.5,37.5,11.19,3.26,13
2015,1626177,86,112,14.9,22.5,25,11.76,3.62,4
2015,1626169,83.5,102,7.5,,,,,
2015,1626145,77,97,6.5,26.5,32.5,11.84,3.32,2
2015,1626163,83,109.5,9.4,,,,,
2015,1626172,87.5,110,11.9,,,,,
2015,1626168,85.5,108,12.1,,,,,
2015,1626185,81,106.5,10.1,28.5,35,11.2,3.27,19
2015,204456,74,96.5,7.3,26,31.5,10.95,3.3,7
2015,1626191,87.25,109,6.2,,,,,
2015,1626175,87.25,106,7.2,33,37.5,11.72,3.28,9
2015,2006,85.5,108,6.4,29,37.5,10.93,3.25,10
2015,1626162,86.25,102.5,5.7,34.5,37,11.09,3.32,7
2015,1626166,79.25,97.5,6.3,29.75,35.5,10.9,3.28,0
2015,1626189,83.25,104.5,4.9,25,31,10.91,3.32,15
2015,1626171,86,108.5,8.9,25,31.5,11.78,3.56,5
2015,1626181,82.75,102.5,6.4,32.5,40.5,10.69,3.2,5
2015,1626180,84.25,104.5,4,34,39.5,11.88,3.18,9
2015,1626184,79,96.5,4.5,33.5,39.5,10.63,3.2,6
2015,1626179,80.25,98.5,5.6,33,38,10.84,3.15,7
2015,1626156,81.75,102,8.3,,,,,
2015,1626208,74,93,5,34,43,10.47,3.13,8
2015,1626194,79.75,97.5,5.3,34.5,43,10.78,3.02,3
2015,1626160,82,100.5,4.1,34.5,40,10.97,3.27,12
2015,1626167,88,112,9.3,,,,,
2015,1626193,89.5,113,12.5,,,,,
2015,1626173,79,101,6.2,28,34,11.4,3.21,5
2015,1626217,86.75,108,5.1,30.5,37,11.25,3.35,6
2015,1627361,81.5,100.5,8.1,31.5,39,10.56,3.2,15
2015,1626210,85.75,106.5,12,25.5,28.5,12.26,3.5,8
2015,1626159,82.25,104.5,5.3,,,,,
2015,1626174,87.25,111.5,14.7,,,,,
2015,1626153,79.5,101.5,6.6,29.5,31,11.16,3.29,4
2017,1628389,86.75,108,5.2,33.5,38.5,11.94,3.24,12
2017,1628959,80.75,99,11,31.5,40.5,11.99,3.3,7
2017,1628386,89.25,109.5,7.4,31.5,35.5,11.82,3.21,4
2017,1628443,81.25,99.5,6.4,33,35.5,11.24,3.15,7
2017,1628387,90.25,110.5,5.4,29.5,32.5,12.52,3.44,11
2017,1628384,86.25,107.5,6.8,,,,,
2017,1628503,82,105,11.9,23.5,31,11.62,3.44,5
2017,1628407,82,103.5,7.9,30,36.5,11.7,3.22,8
2017,1628431,82.25,104.5,6.8,30,37,11.18,3.26,11
2017,1628395,83.75,104.5,5.4,31.5,38,10.63,3.21,16
2017,1628417,82,104.5,5.7,31,35.5,11.47,3.17,16
2017,1628449,88,110.5,5.4,,,,,
2017,1628396,89,112.5,12,24.5,27.5,11.79,3.44,5
2017,1628515,81,99.5,11,28,33.5,10.95,3.38,11
2017,1628415,78,100.5,7.5,31,37.5,11.14,3.21,16
2017,1628418,90,112.5,9.4,25.5,33,11.42,3.37,7
2017,1628380,85,111,8.9,,,,,
2017,1628381,83.25,106.5,5.4,33,37.5,11.66,3.27,15
2017,1628977,83.25,101.5,5.2,34.5,44.5,10.88,3.11,0
2017,1628416,77.25,99.5,4.7,30.5,36,10.55,3.16,8
2017,1628422,81,100,5.3,31.5,38,11.18,3.13,13
2017,1628408,83,101,6.1,34,39,10.84,3.15,9
2017,1628393,77.5,95,9.1,27.5,33.5,11.34,3.21,1
2017,1628390,80.75,103,5.8,28.5,38,11.16,3.32,
2017,1628368,78.5,100,4.5,,,,,
2017,1628365,,,,,,,,
2017,1628385,87.25,109.5,5.2,27,32.5,11.08,3.34,5
2017,1628404,80.25,101,5.8,27.5,35.5,11.15,3.18,9
2017,1628502,87.25,104.5,11.5,29,33.5,11.81,3.27,16
2017,1628439,84.5,105,7.7,31.5,37,12.31,3.36,11
2017,1628411,85,105.5,4,31.5,36,11.25,3.36,5
2017,1628402,79.5,98,6.7,34.5,42,10.94,3.14,9
2017,1628992,87.25,107,7.1,26.5,31.5,11.78,3.43,
2017,1628382,83,104.5,8.1,29.5,35.5,10.8,3.3,
2017,1628514,80,102,11,26.5,31,11.34,3.41,
2017,1628379,77.25,98.5,6.6,,,,,
2017,1628398,84.25,107.5,9.4,27,34,10.72,3.25,12
2017,1628388,83,107,6.8,29,34.5,11.55,3.27,6
2017,1628399,84,107.5,13.6,29.5,33.5,11.68,3.46,1
2017,1628412,75.25,94,4.3,34,41,11.41,3.18,15
2017,1628452,85,106,11.5,28,30.5,12.91,3.5,15
2017,1628378,82,97,5.9,36.5,40.5,11.53,3.01,10
2017,1628420,76,96.5,6.9,28,33.5,11,3.19,8
2017,1628405,88,108,,,,,,
2017,1629004,77,100,11.4,27,33,12.4,3.53,8
2017,1628400,81.75,102,5.5,35,40.5,10.58,3.16,19
2017,1628419,85.25,106.5,7.7,28,39.5,12.17,3.16,5
2017,1628383,87,111.5,7.8,26,30.5,11.8,3.46,
2017,1628409,82.75,105,8.8,,,,,
2017,1628397,85.5,109,6.8,28.5,32.5,12.68,3.35,3
2017,1628432,84,102,6.5,28.5,36,11.37,3.34,12
2017,1628421,84.75,106,3.2,35.5,41.5,12.85,3.23,10
2017,1628424,78,99,5,30.5,38.5,11.15,3.18,3
2017,1628410,81,102.5,8.3,,,,,
2017,1628403,87,108,,,,,,
2017,1628414,82,103,7.8,27,30.5,11.48,3.36,15
2017,1628453,74,95.5,10.6,24.5,32,10.75,3.27,6
2017,1629021,84,108,6.7,25.5,32.5,12,3.35,
2017,1628476,74.5,95,5.8,26,32.5,11.28,3.29,9
2017,1629118,84,109.5,10.9,,,,,11
2017,1628401,79.5,101.5,6.2,31,36.5,10.84,3.08,10
2017,1628430,79.25,99,5.6,27.5,34.5,10.42,3.19,10
2017,1628391,87,109.5,6.4,,,,,
2017,1962937123,85,108.5,7.6,26,31.5,12.85,3.45,6
2018,1628959,80.75,99,8.9,32.5,40.5,11.5,3.15,10
2018,1628960,79.25,97,5.55,32.5,40.5,10.31,3.15,
2018,1628961,86.25,110,5,29.5,35,12.48,3.21,0
2018,1628962,91,112.5,7.95,31,31.5,12.97,3.12,11
2018,1628964,94,115.5,6.2,,,,,
2018,1628965,75.5,96.5,11.65,27,33,11.39,3.31,7
2018,1628966,87.25,106.5,5.35,30.5,35,11.2,3.17,11
2018,1628967,81,102,4,32,37.5,11.04,3.07,9
2018,1628968,82.25,103.5,7.6,30.5,34,11.58,3.28,0
2018,1628970,81.5,103.5,5.9,,,,,
2018,1628971,81,98.5,3.75,32.5,38,11.11,3.2,17
2018,1628972,82.25,105,7.05,26,33,11.51,3.33,5
2018,1628973,76,96,6.7,29,37,10.59,3.15,7
2018,1628974,80.25,100,6.5,25,31.5,11.89,3.17,0
2018,1628975,76.25,95,4.15,29,36.5,11.04,3.18,14
2018,1628976,88.5,109,7.85,,,,,
2018,1628978,78,97.5,5,34.5,42,10.72,3.11,12
2018,1628977,83.5,103,4.45,32.5,40.5,10.53,3.1,1
2018,1628979,80.25,97.5,5.2,34,41.5,10.93,3.18,6
2018,1629035,78.25,94.5,6.3,28.5,34.5,11.59,3.2,12
2018,1629037,77.25,98,6.5,,,,,
2018,1628980,81.25,102.5,6.5,28,35.5,11.11,3.2,8
2018,1628981,88.25,109,5.25,29,35,12.19,3.23,11
2018,1628982,85.75,105,7.9,31,40.5,11.24,3.08,0
2018,1628983,83.5,104,3,,,,,
2018,1628984,78.25,96,4.8,31,37,11.28,3.21,14
2018,1629036,89,111.5,12.55,,,,,
2018,1628985,79.75,102,8.45,25,31,10.95,3.27,6
2018,1628986,77.5,98,5,31.5,39.5,12.11,3.13,6
2018,1628987,87.5,107,5.15,27.5,32,11.28,3.36,4
2018,1628988,79.5,97,6.4,25.5,33,10.96,3.27,
2018,1628989,79.5,101.5,8.6,31,38,10.89,3.09,9
2018,1628991,89.25,110,7.2,,,,,
2018,1628992,87,105,8.9,,,,,
2018,1628993,80.75,103,8.1,25,31,11.83,3.38,8
2018,1628994,83.5,101.5,7.25,31,39,10.75,3.29,15
2018,1628995,83.75,108,4.95,,,,,
2018,1628996,84,106.5,7.35,31.5,35,12.28,3.28,12
2018,1628997,82,101.5,7,29,36.5,10.43,3.26,6
2018,1628998,82.25,102.5,5.45,29,36.5,10.64,3.09,4
2018,1628999,84.5,107.5,8.1,27,31.5,11.35,3.17,18
2018,1629000,86,110.5,8.7,27.5,32,11.77,3.23,9
2018,1629001,80.5,99.5,5.2,31,36.5,11.48,3.23,1
2018,1629002,84.5,108,5.05,29.5,36,11.89,3.33,5
2018,1629003,84.75,99.5,6.8,30,33,11.07,3.25,2
2018,1629004,76.75,100,8.45,30.5,37,11.25,3.15,4
2018,1629005,77.5,98.5,6.25,27.5,33.5,10.9,3.13,
2018,1629006,84,102,5.2,33,42,11.08,3.04,12
2018,1629033,82.75,103.5,7.35,27,34,11.53,3.22,7
2018,1629007,84.25,109,13.85,25.5,31,11.9,3.4,9
2018,1629008,84.25,108.5,6.4,,,,,
2018,1629009,86,108,5.45,25,33,11.26,3.2,0
2018,1629010,79.25,98,6.05,,,,,
2018,1629012,79.25,98.5,5.6,,,,,
2018,1629013,78.75,100,4.85,31,39.5,11.26,3.11,8
2018,1629014,81.25,99.5,7.7,32,41.5,11.27,3.1,1
2018,1629015,81.75,100,6.05,33,41.5,11.02,3.05,10
2018,1629034,88.75,109,5.55,26,32,11.48,3.34,12
2018,1629016,86,107.5,13.75,28.5,35.5,12.28,3.38,8
2018,1629017,82.5,101,6.4,30,35,10.96,3.18,14
2018,1629018,80.75,98,7,33.5,39.5,11.37,3.12,12
2018,1629019,78.75,98,4.95,32,40,11.02,3.14,11
2018,1629021,84,108,6.75,27,34,11.48,3.18,8
2018,1629022,82.25,99.5,5.65,31.5,40,10.87,3.06,12
2018,1629023,86.5,107,6.85,27,34,11.39,3.2,3
2018,1629024,89,111,5,28,33.5,12.79,3.3,14
2018,1629025,82.25,103.5,5.15,28,35.5,11.29,3.24,1
2018,1629026,79.25,103.5,5.95,28,33,10.86,3.19,14
2018,1629027,75,95.5,5.35,,,,,
2019,1629638,81.5,102,5.9,,,,,
2019,1629628,,,,,,,,
2019,1629646,87.5,109.5,8.5,29,33,12.65,3.53,7
2019,1629647,84,107,3.6,30.5,37,11.09,3.27,4
2019,1629626,91,115.5,7.1,,,,,
2019,1629648,75.25,95,5,36,42.5,9.97,3.08,7
2019,1628968,82,103,6.5,32,35.5,10.98,3.26,1
2019,1629065,79,98,4.9,27.5,33,11.11,3.26,4
2019,1629649,81.25,102,6,31,36.5,11.06,3.36,13
2019,1629052,84,104,2.9,34,37.5,11.3,3.48,11
2019,1629650,88.75,113,7.8,27,31,11.95,3.51,
2019,1629634,80.25,102,4.9,34,40.5,10.61,3.15,10
2019,1629651,86.5,110,4.5,31.5,36.5,11.26,3.36,8
2019,1629076,84.5,106.5,6.1,27.5,32,11.32,3.28,11
2019,1629633,81.5,100.5,5,,,,,
2019,1629056,80.75,101,4.1,29.5,34,10.69,3.28,13
2019,1629652,80.5,99.5,5,32.5,38,10.79,3.22,14
2019,1629653,75.25,95.5,5.9,30,38.5,10.63,3.04,7
2019,1629654,78,94.5,5.5,28.5,34,10.53,3.22,14
2019,1629605,98.25,122.5,6.8,22,26.5,13.01,3.78,8
2019,1628981,87.25,110,5.4,29.5,33.5,11.29,3.21,13
2019,1629655,86.5,110,5.9,32.5,36.5,11.61,3.25,5
2019,1629636,,,,,,,,
2019,1629656,79.75,100.5,8.4,27.5,36,10.83,3.2,6
2019,1629657,76.5,95.5,5.7,30.5,36.5,10.48,3.27,4
2019,1628986,77.5,97,5.1,33,41.5,10.73,3.12,6
2019,1629607,77.5,94,3.9,33.5,40.5,10.77,3.04,8
2019,1629637,87.5,110.5,5,27,34.5,11.74,3.37,5
2019,1629608,85.75,107,6.1,30.5,35.5,11.46,3.28,13
2019,1629639,75.25,100.5,7.1,,,,,
2019,1629658,84.75,105.5,6.7,27.5,35.5,11.44,3.34,8
2019,1629659,85.25,103,8.4,26,34.5,11.34,3.34,10
2019,1629631,,,,,,,,
2019,1629610,83.25,104,3.9,,,,,
2019,1629660,76,98,6.5,26,31.5,11.21,3.4,2
2019,1629640,81.25,104,5.6,,,,,
2019,1629661,82,103,5.8,30.5,36.5,10.52,3.26,
2019,1629662,87,109.5,5.1,28,35.5,11.21,3.25,6
2019,1629663,84.25,104.5,4.8,29,33,10.99,3.28,0
2019,1629641,83,103,,,,,,
2019,1629664,86.25,107.5,8.9,23.5,26,11.8,3.6,10
2019,1629665,80.5,98.5,4,35,43,11.09,3.29,1
2019,1629642,85.25,104.5,5.9,31,38.5,12.15,3.24,5
2019,1629611,79.75,101,4,32.5,38.5,11.51,3.3,6
2019,1628998,82.25,102.5,5,28,35.5,10.44,3.32,7
2019,1629666,81.5,103,3.8,29.5,37.5,11.26,3.38,9
2019,1629667,84.25,105.5,5.7,29.5,33.5,11.54,3.32,0
2019,1629630,,,,,,,,
2019,1629668,78,101,7.5,24,30,11.6,3.43,
2019,1629669,79.25,98,6.1,32,38.5,10.76,3.23,2
2019,1629670,82.5,103,7.8,,,,,
2019,1629643,,,,,,,,
2019,1629644,85.75,106.5,4.6,30.5,37,10.88,3.38,9
2019,1629671,82.75,100.5,4.9,30.5,38.5,11.71,3.17,19
2019,1629672,87.75,103.5,6.3,33,38,11.63,3.3,18
2019,1629617,84.5,106,6.7,28.5,31.5,12.46,3.3,15
2019,1629044,75.5,96.5,9.8,29,37,11.01,3.2,0
2019,1629673,78.75,99.5,7.5,28,35.5,10.59,3.27,
2019,1629007,84,109.5,8.5,,,,,
2019,1629645,81,103,5.1,27,34,10.82,3.14,2
2019,1629674,88.25,111.5,6.3,24,32.5,12.04,3.73,1
2019,1629629,84.5,105.5,4.7,,,,,
2019,1629675,87.25,109,14,26,32.5,12.03,3.42,3
2019,1629676,85,106,3.9,32.5,35.5,10.63,3.25,9
2019,1629677,82.5,107,5.6,27,38,11.01,3.27,7
2019,1629678,81.75,102.5,6.8,30,34,10.77,3.37,15
2019,1629621,84.25,103.5,4.7,29.5,36.5,11.16,3.37,9
2019,1629679,85.25,106,6.2,27,35.5,11.85,3.3,11
2019,1629681,,,,,,,,
2019,1629023,86.5,106.5,8.6,,,,,
2019,1629682,74.25,93.5,6.6,30.5,40.5,10.76,3.07,5
2019,1629683,81,100,6.1,31,38,11.57,3.16,
2019,1629632,77,97.5,4.3,,,,,
2019,1629025,82.75,103,4.9,27.5,35,10.39,3.34,4
2019,1629684,81.75,104.5,5.4,26,31.5,10.83,3.33,20
2019,1629627,,,,,,,,
2019,1629685,82,104.5,4.6,29,37.5,10.7,3.3,8
2020,1630173,84.75,108.5,6.7,,,,,
2020,1630234,80,100,12.3,28,33,11.33,3.26,
2020,1628962,91.25,109,9.61,37,41,11.82,3.23,
2020,1630189,85.25,105.5,5,37,43.5,11.35,3.17,
2020,1630213,83.5,106,8.2,34,38.5,10.87,3.22,
2020,1629603,87.75,107,7.83,28,37,11.95,3.16,
2020,1629653,75,95,4.6,31.5,40.5,10.44,3.02,
2020,1630220,87.5,108,3.8,33,35.5,10.79,3.19,
2020,1629604,79.25,100.5,4.2,30.5,36.5,11.25,3.25,
2020,1630235,79.5,102.5,5.65,28,34.5,11.04,3.18,
2020,1630182,81.75,101.5,6.8,30.5,39.5,10.64,3.12,
2020,1630204,80,99.5,4.1,29.5,36.5,10.82,3.13,
2020,1630221,83,104.5,7.6,31.5,37.5,12.16,3.38,
2020,1630223,79,97.5,4.4,37.5,42.5,10.59,3.11,
2020,1630210,72.25,91.5,9.91,30.5,35.5,11.21,3.11,
2020,1630190,79.5,101.5,10.2,,,,,
2020,1630198,79.5,101,4.7,,,,,
2020,1630222,79,102.5,8.9,24,31,10.6,3.33,
2020,1630233,86,109.5,8.2,23,31.5,11.56,3.31,
2020,1630177,80.75,100.5,2.8,,,,,
2020,1630211,83,102,3.73,31,36,11.52,3.04,
2020,1630230,84.75,102.5,8.7,28.5,35,11.77,3.37,
2020,1630231,79.25,102,5.9,31.5,38.5,11.93,3.16,
2020,1630219,78,99,7.4,29,37.5,10.65,3.3,
2020,1630192,86,105.5,5.9,33,38,10.94,3.2,
2020,1629670,82.25,104,11.68,29,35,11.29,3.43,
2020,1629617,84.25,106.5,8.4,30,33.5,11.26,3.25,
2020,1629619,79,99,15.8,,,,,
2020,1630193,80.25,99,8.2,29.5,35.5,11.21,3.17,
2020,1630186,78,100.5,3.4,,,,,
2020,1630194,86,109.5,6.83,26.5,37.5,12.29,3.45,
2020,1630208,86.25,110,8.5,30,34,11.42,3.25,
2020,1630203,77.25,96.5,5.4,32.5,39.5,11.17,3.07,
2020,1630206,81.5,104.5,3.7,,,,,
2020,1630188,86.25,110,3.7,,,,,
2020,1630199,79,99.5,5.8,34.5,44,11.4,3.09,
2020,1630205,81,101,6.8,35,41,10.35,3.2,
2020,1630191,88.75,108.5,7.5,,,,,
2020,1630179,73.75,96,7.6,30,34,10.78,3.28,
2020,1629681,80,106,12.43,27.5,32,11.6,3.4,
2020,1630214,86,106,8.5,26,32.5,11.8,3.49,
2020,1629700,87.5,111.5,12.5,21.5,27,11.73,3.6,
2020,1630232,84.25,105.5,5.3,29,39,11.17,3.28,
2020,1630216,78,97,9,24,28,11.15,3.61,
2020,1630218,86,105.5,4.5,32,38,11.1,3.18,
2022,1630534,82.25,104,5.4,32,39,10.77,3.13,
2022,1631116,85.75,110.5,8.9,23.5,26.5,12.25,3.45,
2022,1631094,,,,,,,,
2022,1631230,87,108.5,5.9,28.5,34,11.29,3.33,
2022,1630699,84.75,106,5.3,,,,,
2022,1630656,77.5,102,8.8,24.5,31.5,11.36,3.4,
2022,1631103,82,102.5,6.1,29,35,11.38,3.17,
2022,1631128,78.5,99.5,6.2,33.5,40,11,3.16,
2022,1631112,83,103,4.9,31.5,41,11.57,3.29,
2022,1631219,86.25,112,4.7,26.5,28.5,11.16,3.33,
2022,1630577,82,107,7.1,28.5,34.5,11.39,3.14,
2022,1631113,77.25,97,4.4,31,41.5,10.73,,
2022,1631108,80.75,102.5,4.8,32,37.5,10.82,3.07,
2022,1630594,88.25,110.5,8.2,29.5,32.5,12.11,3.33,
2022,1630700,82.5,105,4.9,29,34,10.81,3.22,
2022,1631098,80.5,103.5,6.7,,,,,
2022,1631120,78.5,99.5,7.8,30,37,11.38,3.26,
2022,1630620,,,,,,,,
2022,1631217,86.5,109.5,2.7,29,36.5,11.16,3.26,
2022,1631172,,,,,,,,
2022,1631215,,,,,,,,
2022,1631105,,,,,,,,
2022,1631106,86,107.5,5.9,,,,,
2022,1631165,80.5,102,3.8,28,35.5,10.87,3.18,
2022,1630701,84.25,109.5,6.2,28,32.5,11.49,3.22,
2022,1631221,76,98,8.6,26.5,33,10.95,3.21,
2022,1631100,,,,,,,,
2022,1630702,,,,,,,,
2022,1631199,85.25,105.5,14.3,26,30.5,11.41,3.4,
2022,1631096,,,,,,,,
2022,1631127,84.25,103.5,8.3,29.5,35,11.83,3.31,
2022,1631093,,,,,,,,
2022,1631218,,,,,,,,
2022,1631107,84.25,108.5,7.4,,,,,
2022,1630548,83,102.5,7.5,27.5,32.5,11.03,3.29,
2022,1631130,,,,,,,,
2022,1631211,79.25,101,13.5,24.5,31,11.33,3.27,
2022,1631117,88.25,113,14.7,,,,,
2022,1631132,89.25,113,5.7,28,33.5,11.3,3.27,
2022,1631222,81.5,104,9,27.5,34,10.58,3.37,
2022,1631171,86.5,105.5,7.3,32.5,35,11.49,3.23,
2022,1630604,83.75,103.5,12.2,35.5,38,11.11,3.26,
2022,1631254,,,,,,,,
2022,1631213,,,,,,,,
2022,1631097,81,104,5.7,,,,,
2022,1630571,82.5,105,11.1,25.5,31.5,10.74,3.39,
2022,1631121,80.75,103.5,5.4,29.5,34,11.12,3.27,
2022,1631159,86,106.5,5.7,30,36.5,11.11,3.36,
2022,1631125,,,,,,,,
2022,1631198,83,104,5.1,29.5,36,11.54,3.33,
2022,1631129,80,101,4.8,31,38,11.23,3.19,
2022,1631168,77.25,98.5,7.4,29.5,37,11.19,3.17,
2022,1631111,84.5,101,7.5,32.5,38.5,10.94,3.3,
2022,1631099,,,,,,,,
2022,1629614,77.75,99,4.4,26.5,35,10.46,3.26,
2022,1630590,77.75,95.5,5.3,30.5,37.5,11.07,3.21,
2022,1630629,80,106,3.8,29.5,35,11.02,3.07,
2022,1631197,,,,,,,,
2022,1631115,88,111,9.5,23,27.5,11.4,3.55,
2022,1631223,83.5,105,11.6,27,35.5,10.75,3.22,
2022,1631157,81.75,100.5,5,30.5,36.5,11.26,3.07,
2022,1631204,,,,,,,,
2022,1631220,80.75,103.5,4,30.5,38,11.03,3.12,
2022,1631101,83.5,103.5,4.8,,,,,
2022,1631173,78.5,98,3.8,30.5,38.5,10.63,3.14,
2022,1631095,,,,,,,,
2022,1631110,,,,,,,,
2022,1631164,80,102,8.6,25.5,31.5,11.42,3.4,
2022,1631124,81.5,104.5,7.9,28.5,35,10.3,3.26,
2022,1631207,84.75,106,5.4,,,,,
2022,1631166,86,107.5,15.7,25.5,31.5,11.71,3.38,
2022,1631133,82.75,105,12.1,29.5,32.5,11.53,3.24,
2022,1631102,80,99.5,12,,,,,
2022,1631212,84.5,107.5,5.2,28,33.5,11.03,3.28,
2022,1631104,81.25,103,5.6,30,36,11.55,3.21,
2022,1631214,79,102,7.2,30,35.5,10.96,3.15,
2022,1631114,86.25,105.5,8.9,33.5,39,11.13,3.11,
2022,1631119,85,108.5,8,24.5,30,11.64,3.5,
2022,1630652,86.75,108.5,10.8,27.5,30,12.75,3.48,
2022,1631258,,,,,,,,
2022,1631109,90.5,117,5.4,,,,,
2022,1630592,,,,,,,,
2022,1630855,,,,,,,,
2023,1641725,82,101.5,,29.5,34,11.6,3.35,
2023,1641735,79,103.5,,28.5,35,11.34,3.19,
2023,1641734,81,105,,27,32.5,11.54,3.49,
2023,1641736,79,100.5,,30.5,38,10.99,3.14,
2023,1641710,79.5,102.5,,32,39,11.04,3.35,
2023,1641737,,110.5,,,,,,
2023,1641738,84.75,106.5,,28.5,32,11.39,3.33,
2023,1641723,79.75,102.5,,29,36,11.71,3.26,
2023,1641739,84.5,107,,28.5,33,10.7,3.41,
2023,1631321,81.75,104,,30.5,35.5,11.24,3.31,
2023,1641740,81,101.5,,,,,,
2023,1641730,,,,,,,,
2023,1641731,,,,,,,,
2023,1641741,81,103,,30.5,37,11.2,3.33,
2023,1641711,80.75,101,,29,34,11.13,3.5,
2023,1641743,80.25,102,,,,,,
2023,1641744,94.5,115.5,,26,29.5,11.37,3.45,
2023,1641745,76.5,97,,31,36,10.96,3.24,
2023,1641718,,,,,,,,
2023,1631243,87.25,110.5,,,,,,
2023,1641722,78.75,101.5,,,,,,
2023,1641746,84.25,108.5,,26.5,32.5,12.14,3.37,
2023,1630703,,,,,,,,
2023,1641707,84.5,107,,32.5,36,11.27,3.32,
2023,1641747,84.5,109,,29.5,35,11.48,3.2,
2023,1641720,82.25,100.5,,,,,,
2023,1641724,,,,,,,,
2023,1641713,83.5,106,,31,37,11.39,3.21,
2023,1641748,81.75,103,,30.5,39.5,10.83,3.14,
2023,1631218,85,106,,33,36.5,11.8,3.2,
2023,1631170,81.5,99.5,,34.5,39,11.21,3.33,
2023,1641749,84,103,,,,,,
2023,1641732,80,103,,30.5,35,11.14,3.33,
2023,1641750,89,112.5,,28,30.5,12.27,3.39,
2023,1641751,84.5,103.5,,32.5,34.5,11.35,3.44,
2023,1631340,80,101,,33.5,42,11.07,3.18,
2023,1641752,,,,,,,,
2023,1641721,84,104.5,,32.5,36.5,11.4,3.43,
2023,1641726,,,,,,,,
2023,1641753,83.25,104.5,,30.5,37,11.65,3.27,
2023,1641754,82.25,104,,31.5,35.5,11.02,3.15,
2023,1631256,,,,,,,,
2023,1641756,72.5,96,,33,37,11.01,3.11,
2023,1641757,83.75,103.5,,32,36.5,11.43,3.17,
2023,1641706,,,,,,,,
2023,1631159,86,106.5,,32,37.5,11,3.33,
2023,1641758,75.5,98,,28.5,37,10.32,3.24,
2023,1641759,82,105,,29,37,10.92,3.32,
2023,1641760,81.75,103.5,,29,35.5,10.8,3.22,
2023,1631200,83.75,106,,29.5,35,11.11,3.3,
2023,1641761,84,106.5,,32,35.5,9.99,3.21,
2023,1641762,,,,,,,,
2023,1641763,83.5,102,,36,43,11.09,3.32,
2023,1629618,79.25,98.5,,28.5,33,11.91,3.35,
2023,1641764,77.5,96.5,,31.5,39,11.16,3.21,
2023,1641765,85,104,,35,40.5,10.59,3.21,
2023,1641712,86,106,,27.5,32.5,11.18,3.43,
2023,1641766,86.75,108.5,,28.5,31,11.5,3.31,
2023,1631204,79,99.5,,27,35,10.68,3.43,
2023,1641729,,,,,,,,
2023,1630545,80,102,,32,37.5,10.36,3.06,
2023,1641767,79.75,100,,29.5,35.5,10.88,3.17,
2023,1641771,83.75,106,,29,33,11.26,3.29,
2023,1631173,78.75,98,,30,37,10.86,3.21,
2023,1641733,,,,,,,,
2023,1631124,81.25,105,,27.5,34.5,10.94,3.31,
2023,1641708,84,103.5,,,,,,
2023,1641709,84,104,,,,,,
2023,1631166,85.75,108.5,,26,30.5,10.93,3.34,
2023,1641772,,,,,,,,
2023,1631131,87.5,108,,29.5,32.5,12.26,3.32,
2023,1641773,83,108,,23.5,30.5,11.17,3.5,
2023,1641774,86.5,111,,26,30.5,11.71,3.43,
2023,1641716,86.5,104.5,,34.5,38,10.89,3.2,
2023,1641717,80.5,101,,28,36,10.82,3.34,
2023,1641775,85.75,107,,33,36,10.83,3.3,
2023,1641705,,,,,,,,
2023,1641727,82.25,103.5,,,,,,
2023,1641715,80.5,103.5,,31.5,40.5,10.82,3.2,
2023,1630592,80,99.5,,31.5,35,11.26,3.2,
2023,1631209,78.75,97.5,,32.5,37,10.93,3.22,
